biosample,Assembly
SAMN11077980,
SAMN03255484,GCA_001019175.2
SAMN16357246,GCA_016728085.1
SAMN11056503,GCA_013267375.1
SAMN10163202,GCA_003938995.1
SAMN16357446,GCA_016903615.1
SAMN11077982,
SAMN16357283,GCA_016728505.1
SAMN03255470,GCA_001019015.2
SAMN11056343,GCA_012273075.1
SAMN03255472,GCA_001019475.2
SAMN16357312,GCA_016725865.1
SAMN16357265,GCA_016726345.1
SAMN11056435,GCA_012273415.1
SAMN16357297,GCA_016726965.1
SAMN16357308,GCA_016726285.1
SAMN22365128,GCA_020731505.1
SAMN04875586,GCA_002073715.2
SAMN14214654,
SAMN03996249,GCA_001558355.2
SAMN11077951,
SAMN06173360,GCA_002206315.2
SAMN10163223,GCA_003955985.1
SAMN16357281,GCA_016728665.1
SAMN16357385,GCA_016889165.1
SAMN03996258,GCA_001559055.2
SAMN16357582,GCA_019048465.1
SAMN06173327,GCA_002206165.2
SAMN16357517,GCA_019048605.1
SAMN21218859,GCA_020099175.1
SAMN16357523,GCA_019047745.1
SAMN21218864,GCA_020097335.1
SAMN16357272,GCA_016766875.1
SAMN07312424,GCA_002591235.1
SAMN03996260,GCA_001558395.2
SAMN21218874,GCA_020297605.1
SAMN16357326,GCA_016724885.1
SAMN10228584,GCA_003798085.1
SAMN11077996,
SAMN16357335,GCA_016894245.1
SAMN16357404,GCA_016889625.1
SAMN23242881,
SAMN21218845,GCA_020099335.1
SAMN21218857,GCA_020097435.1
SAMN20888886,GCA_019931025.1
SAMN11056496,GCA_013267455.1
SAMN11056449,GCA_013349105.1
SAMN20888903,GCA_019930605.1
SAMN16357550,GCA_019048665.1
SAMN11056425,GCA_009729895.1
SAMN16357158,GCA_016599815.1
SAMN03996325,GCA_001471575.2
SAMN11056493,GCA_006364655.1
SAMN11056452,GCA_009730375.1
SAMN02934527,GCA_000783715.2
SAMN22091677,GCA_020735865.1
SAMN16357268,GCA_016766935.1
SAMN16357396,GCA_016889105.1
SAMN03255433,GCA_001188035.2
SAMN21218843,GCA_020099375.1
SAMN16357244,GCA_016127735.1
SAMN06173300,GCA_002208985.3
SAMN13450466,GCA_016026595.1
SAMN02934523,GCA_000783775.2
SAMN07312465,GCA_002587225.1
SAMN06173322,GCA_002983865.1
SAMN16357273,GCA_016728765.1
SAMN16357599,GCA_019344865.1
SAMN23242882,
SAMN04875559,GCA_002073395.2
SAMN16357253,GCA_016727405.1
SAMN16357261,GCA_016728805.1
SAMN13450471,GCA_016026375.1
SAMN07312425,GCA_002591215.1
SAMN16357198,GCA_016128275.1
SAMN06173364,GCA_002206565.2
SAMN06173309,GCA_002206225.2
SAMN16357184,GCA_016127875.1
SAMN16357313,GCA_016725645.1
SAMN22091646,GCA_020736205.1
SAMN11056470,GCA_013267695.1
SAMN06173302,GCA_002208825.2
SAMN03255443,GCA_001018635.2
SAMN11077968,
SAMN16357511,GCA_016903175.1
SAMN02934536,GCA_000783575.2
SAMN06173308,GCA_002983725.1
SAMN24061080,
SAMN03255437,GCA_001188045.2
SAMN16357252,GCA_016727385.1
SAMN03996282,GCA_001471295.2
SAMN16357508,GCA_016904375.1
SAMN02934540,GCA_000783445.2
SAMN07312434,GCA_002554225.1
SAMN16357233,GCA_016127135.1
SAMN11056352,GCA_008693965.1
SAMN16357414,GCA_016889205.1
SAMN16357543,GCA_019355975.1
SAMN07312432,GCA_002407525.3
SAMN07312420,GCA_002588485.1
SAMN03996321,GCA_001558415.2
SAMN16357611,
SAMN10163170,GCA_003812225.1
SAMN02934515,GCA_000783895.2
SAMN16357558,GCA_019048085.1
SAMN13450425,GCA_016027675.1
SAMN11056379,GCA_008693385.1
SAMN16357570,GCA_019047785.1
SAMN03255487,GCA_001019205.2
SAMN16357356,GCA_016889825.1
SAMN11056359,GCA_008693845.1
SAMN16357574,GCA_019048485.1
SAMN16357352,GCA_016906265.1
SAMN03255486,GCA_001019575.2
SAMN16357299,GCA_016726945.1
SAMN02934521,GCA_000783815.2
SAMN24061097,
SAMN10228583,GCA_003798205.1
SAMN07312492,GCA_002591135.1
SAMN10228561,GCA_003798425.1
SAMN11056487,GCA_006364695.1
SAMN24061083,
SAMN10163216,GCA_003812445.1
SAMN11056382,GCA_008693625.1
SAMN11056441,GCA_009730175.1
SAMN05004749,GCA_002891195.1
SAMN16357248,GCA_016725905.1
SAMN07796365,
SAMN05004748,GCA_003019945.1
SAMN11056442,GCA_012273235.1
SAMN24061084,
SAMN07312490,GCA_002587885.1
SAMN10228580,GCA_003797955.1
SAMN24061098,
SAMN16357351,GCA_016906185.1
SAMN16357575,GCA_019048245.1
SAMN16357300,GCA_016726985.1
SAMN16357548,GCA_019048565.1
SAMN16357610,
SAMN16357572,GCA_019047025.1
SAMN16357586,GCA_019047465.1
SAMN11056517,GCA_013267235.1
SAMN02934542,GCA_000783455.2
SAMN24061079,
SAMN22091645,GCA_020736185.1
SAMN11077969,
SAMN11077962,
SAMN06173299,GCA_002206155.2
SAMN10163175,GCA_003937705.1
SAMN16357183,GCA_016127055.1
SAMN13450470,GCA_016026395.1
SAMN23242883,
SAMN16357591,GCA_019047885.1
SAMN06173324,GCA_002211485.2
SAMN03996317,GCA_002943995.1
SAMN11056427,GCA_009730015.1
SAMN04875556,GCA_002083245.2
SAMN21402693,GCA_020297525.1
SAMN04875572,GCA_002073415.2
SAMN16357466,GCA_016903235.1
SAMN13450467,GCA_016026555.1
SAMN06173298,GCA_002209165.2
SAMN16357238,GCA_016599795.1
SAMN16357159,GCA_016127155.1
SAMN14384141,
SAMN16357405,GCA_016888685.1
SAMN21402691,GCA_020341495.1
SAMN10228585,GCA_003797205.1
SAMN16357325,GCA_016725005.1
SAMN16357522,GCA_019048425.1
SAMN03996265,GCA_001559075.2
SAMN06173328,GCA_002206245.2
SAMN16357280,GCA_016728645.1
SAMN11077952,
SAMN14214653,
SAMN04875573,GCA_002082235.2
SAMN13450401,GCA_016028715.1
SAMN10163224,GCA_003812425.1
SAMN11056504,GCA_013343135.1
SAMN14214648,
SAMN16357309,GCA_016726045.1
SAMN11056341,GCA_012241635.1
SAMN03996278,GCA_002951455.1
SAMN11077981,
SAMN11077984,
SAMN10163214,GCA_003812685.1
SAMN04875571,GCA_002278015.2
SAMN03996279,GCA_001471695.2
SAMN10163203,GCA_003938985.1
SAMN11056433,GCA_013364515.1
SAMN06173296,GCA_002554635.2
SAMN22365131,GCA_020735505.1
SAMN07312429,GCA_002591295.1
SAMN04875554,GCA_002083265.2
SAMN16357339,GCA_016889445.1
SAMN03996316,GCA_001558895.2
SAMN16357521,GCA_019047145.1
SAMN16357219,GCA_016127315.1
SAMN21218865,GCA_020097315.1
SAMN21218860,GCA_020097415.1
SAMN04327393,GCA_007273515.1
SAMN02934532,GCA_000783635.2
SAMN20888885,GCA_019930725.1
SAMN21218846,GCA_020099315.1
SAMN13450437,GCA_016027115.1
SAMN03996266,GCA_002951115.1
SAMN11056494,GCA_006364635.1
SAMN03996328,GCA_001558475.2
SAMN16357559,GCA_019046985.1
SAMN10346773,GCA_006370495.1
SAMN03996326,GCA_002953535.1
SAMN07312470,GCA_002386205.1
SAMN16357397,GCA_016889045.1
SAMN16357153,GCA_016403305.1
SAMN16357239,GCA_016751935.1
SAMN02934528,GCA_000783695.2
SAMN07312466,GCA_002587105.1
SAMN16357539,GCA_019047185.1
SAMN16357595,GCA_019048025.1
SAMN04875557,GCA_002083215.2
SAMN13450430,GCA_016027435.1
SAMN11056388,GCA_012273175.1
SAMN16357194,GCA_016623685.1
SAMN16357592,GCA_019048105.1
SAMN11056428,GCA_013391345.1
SAMN22365134,GCA_020735345.1
SAMN22091663,GCA_020735785.1
SAMN07312443,GCA_002554675.1
SAMN11077967,
SAMN16357314,GCA_016725325.1
SAMN07312504,GCA_003730175.1
SAMN16357423,GCA_016904495.1
SAMN02934537,GCA_000783535.2
SAMN03996283,GCA_001593585.2
SAMN07312433,GCA_002393425.1
SAMN16357302,GCA_016726765.1
SAMN16357375,GCA_016888665.1
SAMN16357587,GCA_019355955.1
SAMN16357578,GCA_019047005.1
SAMN11056446,GCA_014069095.1
SAMN07312435,GCA_002554395.1
SAMN11056457,GCA_009730295.1
SAMN11056360,GCA_008693805.1
SAMN03996281,GCA_002954105.1
SAMN03255488,GCA_001019195.2
SAMN13450426,GCA_016027595.1
SAMN11056491,GCA_006370445.1
SAMN22091637,GCA_020735965.1
SAMN11056372,GCA_008693825.1
SAMN24061082,
SAMN11056488,GCA_006364675.1
SAMN11056334,GCA_013267135.1
SAMN24061096,
SAMN10228573,GCA_003798245.1
SAMN07796371,
SAMN07796346,
SAMN10228572,GCA_003798265.1
SAMN11056333,GCA_013267155.1
SAMN07312489,GCA_002386225.2
SAMN24061095,
SAMN10228581,GCA_003798225.1
SAMN16357431,GCA_016903315.1
SAMN24061081,
SAMN05004745,GCA_002891115.1
SAMN11056492,GCA_006364355.1
SAMN13450456,GCA_016026735.1
SAMN16357377,GCA_016894185.1
SAMN16357573,GCA_019047105.1
SAMN16357401,GCA_016889905.1
SAMN16357527,GCA_019048005.1
SAMN03996272,GCA_002951195.1
SAMN10163176,GCA_003812925.1
SAMN11077966,
SAMN22091647,GCA_020736165.1
SAMN16357535,GCA_019048305.1
SAMN16357197,GCA_016127675.1
SAMN11056387,GCA_009732965.1
SAMN03255436,GCA_001188105.2
SAMN10163212,GCA_003940705.1
SAMN04875555,GCA_002073255.2
SAMN13450440,GCA_016027055.1
SAMN07312428,GCA_002393385.1
SAMN04875587,GCA_002083205.2
SAMN11056344,GCA_008693445.1
SAMN11056404,GCA_013364455.1
SAMN11056502,GCA_013343095.1
SAMN11077985,
SAMN11077983,
SAMN03255474,GCA_001019485.2
SAMN22365133,GCA_020735425.1
SAMN10163200,GCA_003812745.1
SAMN11056346,GCA_008693425.1
SAMN04875553,GCA_002073295.2
SAMN16357330,GCA_016724865.1
SAMN13450402,GCA_016028735.1
SAMN10163213,GCA_003812705.1
SAMN16357167,GCA_016127635.1
SAMN10163228,GCA_003812385.1
SAMN13450442,GCA_016103195.1
SAMN14214645,
SAMN03996322,GCA_002953395.1
SAMN16357474,GCA_016903715.1
SAMN21218875,GCA_020097255.1
SAMN03611814,
SAMN06173344,GCA_002891175.1
SAMN14214643,
SAMN16357532,GCA_019397185.1
SAMN10163196,GCA_003938815.1
SAMN21402702,GCA_020341455.1
SAMN16357520,GCA_019047965.1
SAMN16357289,GCA_016727345.1
SAMN03996314,GCA_001471555.2
SAMN16357584,GCA_019048125.1
SAMN16357186,GCA_016128095.1
SAMN21402701,GCA_020341475.1
SAMN16357533,GCA_019397165.1
SAMN03255435,GCA_001188155.2
SAMN16357243,GCA_016127715.1
SAMN04875531,GCA_002313185.2
SAMN22091673,GCA_020735365.1
SAMN07312464,GCA_002591255.1
SAMN02934526,GCA_000783735.2
SAMN22091676,GCA_020736405.1
SAMN13450465,GCA_016117715.1
SAMN16357240,GCA_016127935.1
SAMN03255434,GCA_001188125.2
SAMN07796340,
SAMN11056453,GCA_009730355.1
SAMN11056455,GCA_012273215.1
SAMN16357546,GCA_019047085.1
SAMN23242891,
SAMN07312445,GCA_002393465.1
SAMN16357199,GCA_016127575.1
SAMN03996302,GCA_001473265.2
SAMN13450469,GCA_016026535.1
SAMN16357195,GCA_016127655.1
SAMN16357526,GCA_019047165.1
SAMN16357215,GCA_016127175.1
SAMN21218847,GCA_020099295.1
SAMN22091674,GCA_020731235.1
SAMN16357336,GCA_016889405.1
SAMN11056429,GCA_013391325.1
SAMN16357516,GCA_019047725.1
SAMN02934538,GCA_000783515.2
SAMN03255439,GCA_001188055.2
SAMN16357316,GCA_016724665.1
SAMN03996338,GCA_001471275.2
SAMN11077970,
SAMN16357510,GCA_016903095.1
SAMN16357398,GCA_016889085.1
SAMN10163178,GCA_003938805.1
SAMN11056375,GCA_008693765.1
SAMN13450407,GCA_016028515.1
SAMN03255485,GCA_001019565.2
SAMN04875564,GCA_002082245.2
SAMN02934519,GCA_000783855.2
SAMN16357371,GCA_016889065.1
SAMN11056381,GCA_012273095.1
SAMN11056462,GCA_009730115.1
SAMN07312431,GCA_002591785.1
SAMN20888881,GCA_020149725.1
SAMN07312437,GCA_002393245.1
SAMN16357416,GCA_016888985.1
SAMN07796362,
SAMN07312488,GCA_002587165.1
SAMN10228579,GCA_003955775.1
SAMN11056391,GCA_009730435.1
SAMN16357249,GCA_016728025.1
SAMN11056490,GCA_006364295.1
SAMN11056337,GCA_008693525.1
SAMN05004746,GCA_003020025.1
SAMN24061085,
SAMN24061091,
SAMN11056421,GCA_009806655.1
SAMN07312411,GCA_002386345.1
SAMN11056378,GCA_008693685.1
SAMN07312491,GCA_002636215.1
SAMN24061092,
SAMN24061086,
SAMN16357445,GCA_016904075.1
SAMN07796349,
SAMN02934516,GCA_000783875.2
SAMN13450409,GCA_016117835.1
SAMN13450406,GCA_016028635.1
SAMN11056373,GCA_008693785.1
SAMN16357376,GCA_016888905.1
SAMN16357298,GCA_016791645.1
SAMN02934520,GCA_000783835.2
SAMN10163177,GCA_003812905.1
SAMN10228582,GCA_003798345.1
SAMN06173312,GCA_002206465.2
SAMN06173311,GCA_003050665.1
SAMN11077960,
SAMN03255438,GCA_001188025.2
SAMN11056430,GCA_009729995.1
SAMN10346777,GCA_012275245.1
SAMN21402692,GCA_020341515.1
SAMN13450420,GCA_016027815.1
SAMN23242893,
SAMN07312444,GCA_002554325.1
SAMN11056497,GCA_013331815.1
SAMN11056484,GCA_013267515.1
SAMN16357288,GCA_016766835.1
SAMN16357241,GCA_016127335.1
SAMN07312471,GCA_002588385.1
SAMN02934525,GCA_000783755.2
SAMN16357519,GCA_019048345.1
SAMN02934535,GCA_000783595.2
SAMN16357185,GCA_016128135.1
SAMN21218844,GCA_020099355.1
SAMN14214647,
SAMN14214644,
SAMN21218873,GCA_020509375.1
SAMN16357168,GCA_016127595.1
SAMN13450441,GCA_016026975.1
SAMN11056466,GCA_009730215.1
SAMN16357479,GCA_016903995.1
SAMN11056345,GCA_008693405.1
SAMN10163205,GCA_003812845.1
SAMN22365132,GCA_020735485.1
SAMN03255473,GCA_001019035.2
SAMN16357245,GCA_016727425.1
SAMN03255479,GCA_001019495.2
SAMN10163227,GCA_003812165.1
SAMN10163217,GCA_003812145.1
SAMN16357536,GCA_019048525.1
SAMN13450403,GCA_016028695.1
SAMN16357310,GCA_016725925.1
SAMN14214646,
SAMN21218858,GCA_020450285.1
SAMN20888887,GCA_019933215.1
SAMN11056451,GCA_014068875.1
SAMN06173345,GCA_002206235.2
SAMN03996254,GCA_002953355.1
SAMN21218861,GCA_020097395.1
SAMN03996256,GCA_001525625.2
SAMN07312423,GCA_002591275.1
SAMN04875532,GCA_002083095.2
SAMN21218863,GCA_020097355.1
SAMN23242888,
SAMN22091675,GCA_020735725.1
SAMN03996324,GCA_002953515.1
SAMN16357271,GCA_016766895.1
SAMN16357242,GCA_016403325.1
SAMN16357418,GCA_016904575.1
SAMN16357551,GCA_019048705.1
SAMN11056498,GCA_013267435.1
SAMN11056456,GCA_009730315.1
SAMN20888895,GCA_019930905.1
SAMN07796339,
SAMN16357196,GCA_016127755.1
SAMN16357429,GCA_016904235.1
SAMN16357200,GCA_016599835.1
SAMN06173370,GCA_002554625.2
SAMN16357503,GCA_016904135.1
SAMN11056361,GCA_008693945.1
SAMN02934539,GCA_000783465.2
SAMN16357615,
SAMN22365120,GCA_020735585.1
SAMN06173363,GCA_002206365.2
SAMN11077974,
SAMN16357509,GCA_016904215.1
SAMN16357315,GCA_016724845.1
SAMN16357179,GCA_016128215.1
SAMN16357369,GCA_016889005.1
SAMN13450408,GCA_016028495.1
SAMN10163168,GCA_003938895.1
SAMN07312436,GCA_002393445.1
SAMN16357237,GCA_016127455.1
SAMN16357415,GCA_016890085.1
SAMN11056357,GCA_008693905.1
SAMN16357208,GCA_016128015.1
SAMN07796359,
SAMN24061094,
SAMN11056420,GCA_009806675.1
SAMN24061088,
SAMN11056489,GCA_006364235.1
SAMN11077976,
SAMN24061087,
SAMN24061093,
SAMN07796358,
SAMN11056440,GCA_012273295.1
SAMN04875568,GCA_002891215.1
SAMN10163167,GCA_003813085.1
SAMN11077973,
SAMN16357180,GCA_016126975.1
SAMN24061104,
SAMN23242892,
SAMN11056454,GCA_012273195.1
SAMN07796338,
SAMN13450417,GCA_016027975.1
SAMN03996297,GCA_001471355.2
SAMN16357557,GCA_019048365.1
SAMN03996253,GCA_001559035.2
SAMN16357518,GCA_019047645.1
SAMN03996271,GCA_001559135.2
SAMN16357450,GCA_016903795.1
SAMN03996335,GCA_001471485.2
SAMN23242887,
SAMN16357381,GCA_017081125.1
SAMN04875569,GCA_002891235.1
SAMN16357166,GCA_016127415.1
SAMN05364094,
SAMN03255467,GCA_001018955.2
SAMN16357363,GCA_016894205.1
SAMN11056399,GCA_009730515.1
SAMN07312462,GCA_002591195.1
SAMN11056480,GCA_006364755.1
SAMN03255469,GCA_001018975.2
SAMN16357360,GCA_016939475.1
SAMN11056476,GCA_013343155.1
SAMN16357453,GCA_016903255.1
SAMN05004751,GCA_003614835.1
SAMN03255454,GCA_001018805.2
SAMN11056474,GCA_013267615.1
SAMN10163210,GCA_003938945.1
SAMN07312482,GCA_002588265.1
SAMN07312479,GCA_002588365.1
SAMN16357433,GCA_016903855.1
SAMN03255460,GCA_001018845.2
SAMN21402704,GCA_020341435.1
SAMN03996329,GCA_001471395.2
SAMN04875545,GCA_002082895.2
SAMN10163250,GCA_003956025.1
SAMN03996330,GCA_002953975.1
SAMN04875595,GCA_002082985.2
SAMN16357226,GCA_016127235.1
SAMN16357426,GCA_016904655.1
SAMN16357232,GCA_016128255.1
SAMN06173349,GCA_002208905.2
SAMN03996307,GCA_001558735.2
SAMN07312459,GCA_002554365.1
SAMN16357229,GCA_016127355.1
SAMN11056395,GCA_013364135.1
SAMN06173332,GCA_002984035.1
SAMN03996274,GCA_001471365.2
SAMN07796370,
SAMN20888899,GCA_019930805.1
SAMN16357255,GCA_016727585.1
SAMN03611818,
SAMN07312405,GCA_002554295.1
SAMN13450416,GCA_016028175.1
SAMN07796367,
SAMN16357458,GCA_016904315.1
SAMN06173318,GCA_002208705.2
SAMN22091680,GCA_020736365.1
SAMN11077979,
SAMN03996280,GCA_001558375.2
SAMN16357459,GCA_016903755.1
SAMN06173310,GCA_002208665.2
SAMN16357210,GCA_016126955.1
SAMN03996300,GCA_001559235.2
SAMN16357256,GCA_016766775.1
SAMN11056505,GCA_013267355.1
SAMN11077987,
SAMN22091654,GCA_020735625.1
SAMN13450452,GCA_016103125.1
SAMN06173339,GCA_002891275.1
SAMN03255446,GCA_001019275.2
SAMN06173336,GCA_002983785.1
SAMN23242877,
SAMN13450472,GCA_016026355.1
SAMN16357388,GCA_016889145.1
SAMN07312418,GCA_002557625.1
SAMN23242879,
SAMN11077989,
SAMN11056515,GCA_013364055.1
SAMN16357487,GCA_016985475.1
SAMN16357175,GCA_016127895.1
SAMN16357172,GCA_016127255.1
SAMN16357481,GCA_016904155.1
SAMN16357512,GCA_016904335.1
SAMN03996334,GCA_001558515.2
SAMN16357391,GCA_016889125.1
SAMN16357631,
SAMN16357633,
SAMN07796347,
SAMN16357285,GCA_016728205.1
SAMN07312450,GCA_002554275.1
SAMN16357332,GCA_016889225.1
SAMN16357438,GCA_016904195.1
SAMN16357307,GCA_016726325.1
SAMN22091661,GCA_020736005.1
SAMN16357347,GCA_016889965.1
SAMN11056385,GCA_008693585.1
SAMN04875562,GCA_002083285.2
SAMN13450418,GCA_016027855.1
SAMN10163187,GCA_003940725.1
SAMN11056409,GCA_012273315.1
SAMN03996286,GCA_001471815.2
SAMN16357367,GCA_016889925.1
SAMN13450411,GCA_016028435.1
SAMN11056383,GCA_008694005.1
SAMN11056481,GCA_006364775.1
SAMN07312486,GCA_002636375.1
SAMN22091640,GCA_020736265.1
SAMN16357251,GCA_016727765.1
SAMN10228560,GCA_003798445.1
SAMN11056339,GCA_012272655.1
SAMN22091655,GCA_020735845.1
SAMN16357379,GCA_017309805.1
SAMN10228567,GCA_003797295.1
SAMN10228566,GCA_003797995.1
SAMN22091656,GCA_020735385.1
SAMN11056401,GCA_012273275.1
SAMN11056365,GCA_014049585.1
SAMN03996284,GCA_001471715.2
SAMN22091660,GCA_020735805.1
SAMN16357538,GCA_019048225.1
SAMN07312505,GCA_003730215.1
SAMN07796341,
SAMN16357392,GCA_016890005.1
SAMN16357291,GCA_016727305.1
SAMN03996333,GCA_001471465.2
SAMN04875590,GCA_002082995.2
SAMN22091648,GCA_020736665.1
SAMN11077988,
SAMN16357484,GCA_016904015.1
SAMN13450473,GCA_016026335.1
SAMN11056514,GCA_013267255.1
SAMN07312419,GCA_002393265.1
SAMN16357597,GCA_019047505.1
SAMN07312449,GCA_002557645.1
SAMN22365122,GCA_020731325.1
SAMN03996299,GCA_002944995.1
SAMN11056390,GCA_009730455.1
SAMN16357209,GCA_016128115.1
SAMN04875547,GCA_002073595.2
SAMN03996318,GCA_002951295.1
SAMN06173319,GCA_002208725.2
SAMN16357457,GCA_016903475.1
SAMN07796369,
SAMN03996268,GCA_001471625.2
SAMN04327391,GCA_007273495.1
SAMN03996306,GCA_002954055.1
SAMN11056396,GCA_009730575.1
SAMN11056413,GCA_009806595.1
SAMN07312467,GCA_002588205.1
SAMN04875544,GCA_002073655.2
SAMN07312478,GCA_002634895.1
SAMN11077990,
SAMN20888883,GCA_019930865.1
SAMN07312480,GCA_002636095.1
SAMN03255453,GCA_001018775.2
SAMN16357361,GCA_016889745.1
SAMN07312461,GCA_002591095.1
SAMN04875579,GCA_002073755.2
SAMN16357364,GCA_016888645.1
SAMN03255468,GCA_001018965.2
SAMN10163184,GCA_003812205.1
SAMN16357380,GCA_017081115.1
SAMN23242886,
SAMN16357162,GCA_016127015.1
SAMN16357449,GCA_016903775.1
SAMN10163219,GCA_003938925.1
SAMN23242885,
SAMN03255464,GCA_001019435.2
SAMN16357562,GCA_019344915.1
SAMN02700075,GCA_000626615.3
SAMN03996296,GCA_001559215.2
SAMN05004752,GCA_002891155.1
SAMN03996336,GCA_001563715.2
SAMN16357452,GCA_016904595.1
SAMN10163192,GCA_003812765.1
SAMN11056475,GCA_013267595.1
SAMN16357275,GCA_016766855.1
SAMN03996250,GCA_001558495.2
SAMN11056417,GCA_013349185.1
SAMN04875594,GCA_002082945.2
SAMN21218870,GCA_020297435.1
SAMN10380324,GCA_003854935.1
SAMN04875543,GCA_002083025.2
SAMN03996313,GCA_001558275.2
SAMN21402703,GCA_020097175.1
SAMN16357323,GCA_016766795.1
SAMN16357230,GCA_016127495.1
SAMN07312458,GCA_002386265.1
SAMN06173350,GCA_002208925.2
SAMN11056501,GCA_013267395.1
SAMN16357585,GCA_019047985.1
SAMN10163242,GCA_003812345.1
SAMN11056467,GCA_013267735.1
SAMN07796366,
SAMN03611817,
SAMN03996263,GCA_001558295.2
SAMN03611819,
SAMN20888898,GCA_019930685.1
SAMN06173357,GCA_002206325.2
SAMN14214632,
SAMN16357419,GCA_016904395.1
SAMN07312416,GCA_002554515.1
SAMN07796352,
SAMN06173316,GCA_002206485.2
SAMN22365135,GCA_020735405.1
SAMN22091679,GCA_020735685.1
SAMN03996251,GCA_001525555.2
SAMN22365136,GCA_020735285.1
SAMN04875550,GCA_002073215.2
SAMN16357257,GCA_016728065.1
SAMN10163239,GCA_003938705.1
SAMN06173337,GCA_003030425.1
SAMN13450474,GCA_016026235.1
SAMN06173340,GCA_003546885.1
SAMN13450421,GCA_016027775.1
SAMN07312448,GCA_002588255.1
SAMN16357171,GCA_016127375.1
SAMN16357465,GCA_016903295.1
SAMN16357424,GCA_016903275.1
SAMN16357626,
SAMN16357482,GCA_016906045.1
SAMN16357174,GCA_016127075.1
SAMN11077949,
SAMN04875591,GCA_002209045.1
SAMN16357284,GCA_016728105.1
SAMN07312452,GCA_002393505.1
SAMN16357632,
SAMN16357218,GCA_016128195.1
SAMN16357498,GCA_017081285.1
SAMN16357629,
SAMN11056394,GCA_013349145.1
SAMN02934514,GCA_000783915.2
SAMN22091659,GCA_020735825.1
SAMN16357437,GCA_016903335.1
SAMN11056367,GCA_014049445.1
SAMN16357366,GCA_016888505.1
SAMN04875563,GCA_002082275.2
SAMN22091639,GCA_020735885.1
SAMN11056483,GCA_006365335.1
SAMN04875574,GCA_002083125.2
SAMN16357566,GCA_019047765.1
SAMN05004744,GCA_002891135.1
SAMN11056486,GCA_013267495.1
SAMN05004743,GCA_003613595.1
SAMN10228562,GCA_003798405.1
SAMN13450431,GCA_016117815.1
SAMN11056408,GCA_012273255.1
SAMN11056384,GCA_008693505.1
SAMN13450410,GCA_016028475.1
SAMN16357346,GCA_016890025.1
SAMN06173353,GCA_002206285.2
SAMN20888884,GCA_019930945.1
SAMN04875582,GCA_002289235.2
SAMN07312475,GCA_002635365.1
SAMN07312472,GCA_002588355.1
SAMN07796353,
SAMN14214637,
SAMN13450443,GCA_016026915.1
SAMN11056397,GCA_009730555.1
SAMN03996312,GCA_002951475.1
SAMN16357394,GCA_016889725.1
SAMN07312483,GCA_002591075.1
SAMN22091672,GCA_020731185.1
SAMN07312481,GCA_002588135.1
SAMN03255455,GCA_001019355.2
SAMN06173301,GCA_002208805.2
SAMN16357362,GCA_016888945.1
SAMN03255466,GCA_001018915.2
SAMN10163221,GCA_003812125.1
SAMN04875580,GCA_002073695.2
SAMN13450395,GCA_016028835.1
SAMN10163191,GCA_003940465.1
SAMN13450398,GCA_016028795.1
SAMN16357434,GCA_016904475.1
SAMN16357165,GCA_016127095.1
SAMN03255462,GCA_001018885.2
SAMN16357468,GCA_016903155.1
SAMN03996294,GCA_001559195.2
SAMN16357447,GCA_016903195.1
SAMN16357164,GCA_016403265.1
SAMN11078005,
SAMN11077992,
SAMN07312485,GCA_002588125.1
SAMN16357276,GCA_016728745.1
SAMN16357472,GCA_016903515.1
SAMN05004753,GCA_002891095.1
SAMN22091671,GCA_020736685.1
SAMN22091668,GCA_020735645.1
SAMN03255451,GCA_001018735.2
SAMN04327388,GCA_002891055.1
SAMN16357454,GCA_016903495.1
SAMN16357264,GCA_016726205.1
SAMN10163249,GCA_003812525.1
SAMN16357324,GCA_016725185.1
SAMN16357228,GCA_016127695.1
SAMN16357514,GCA_016904175.1
SAMN21402690,GCA_020341535.1
SAMN16357395,GCA_016889865.1
SAMN03996311,GCA_001471775.2
SAMN04875540,GCA_002073495.2
SAMN13450436,GCA_016027135.1
SAMN03996331,GCA_001471305.2
SAMN04875593,GCA_002073735.2
SAMN20888876,GCA_019930825.1
SAMN16357580,GCA_019047545.1
SAMN10163248,GCA_003812545.1
SAMN07312476,GCA_002588345.1
SAMN07796361,
SAMN22091681,GCA_020731165.1
SAMN21218877,GCA_020297555.1
SAMN04875575,GCA_002083135.2
SAMN07312417,GCA_002386325.1
SAMN06173354,GCA_002208785.2
SAMN07796354,
SAMN06173333,GCA_002983965.1
SAMN07796333,
SAMN06173305,GCA_002206405.2
SAMN16357287,GCA_016727365.1
SAMN07312415,GCA_002386285.1
SAMN07312421,GCA_002407165.1
SAMN20888900,GCA_019930765.1
SAMN13450422,GCA_016027695.1
SAMN04875552,GCA_002073275.2
SAMN07312447,GCA_002393365.1
SAMN06173342,GCA_002984485.1
SAMN10163235,GCA_003937715.1
SAMN13450447,GCA_016117795.1
SAMN23242884,
SAMN16357259,GCA_016727905.1
SAMN16357618,
SAMN22091653,GCA_020736065.1
SAMN16357320,GCA_016725285.1
SAMN07312454,GCA_002393485.1
SAMN16357420,GCA_017136555.1
SAMN16357464,GCA_016904035.1
SAMN16357191,GCA_016535385.1
SAMN16357627,
SAMN06173352,GCA_002206545.2
SAMN11056510,GCA_013267315.1
SAMN16357169,GCA_016127215.1
SAMN16357623,
SAMN23242890,
SAMN11077993,
SAMN11056512,GCA_013267775.1
SAMN16357488,GCA_017081225.1
SAMN16357176,GCA_016127815.1
SAMN10163172,GCA_003812965.1
SAMN03996285,GCA_001558775.1
SAMN10163195,GCA_003812885.1
SAMN16357368,GCA_016888545.1
SAMN13450412,GCA_016028295.1
SAMN11056362,GCA_008693565.1
SAMN11056364,GCA_008693985.1
SAMN03996287,GCA_001558815.2
SAMN11056371,GCA_014049485.1
SAMN10163193,GCA_003938725.1
SAMN22365124,GCA_020731585.1
SAMN11056348,GCA_012272675.1
SAMN10163182,GCA_003937785.1
SAMN16357344,GCA_016888885.1
SAMN10163208,GCA_003812725.1
SAMN16357365,GCA_016888565.1
SAMN11056506,GCA_013343075.1
SAMN22091684,GCA_020731525.1
SAMN16357331,GCA_016889425.1
SAMN16357439,GCA_016904535.1
SAMN02934512,GCA_000783955.2
SAMN16357565,GCA_019048065.1
SAMN10228559,GCA_003798305.1
SAMN11056422,GCA_009729935.1
SAMN22365119,GCA_020736425.1
SAMN11056485,GCA_013343115.1
SAMN04875528,GCA_002073775.2
SAMN10163188,GCA_003937765.1
SAMN11056477,GCA_013267575.1
SAMN22365118,
SAMN10228557,GCA_003798465.1
SAMN11077971,
SAMN11077959,
SAMN04875576,
SAMN16357342,GCA_016889285.1
SAMN11056507,GCA_013267815.1
SAMN16357345,GCA_016894225.1
SAMN11056349,GCA_008693665.1
SAMN11056407,GCA_013367815.1
SAMN13450432,GCA_016027415.1
SAMN11077991,
SAMN10163171,GCA_003938905.1
SAMN16357621,
SAMN11078003,
SAMN16357393,GCA_016889025.1
SAMN16357178,GCA_016127775.1
SAMN16357493,GCA_017081375.1
SAMN06173335,GCA_002206445.2
SAMN03996301,GCA_002951635.1
SAMN13450446,GCA_016026875.1
SAMN11077986,
SAMN07312446,GCA_002554485.1
SAMN06173303,GCA_002208845.2
SAMN07796332,
SAMN16357266,GCA_016726305.1
SAMN07796360,
SAMN07312473,GCA_002635135.1
SAMN04875570,GCA_002073355.2
SAMN20888893,GCA_019930645.1
SAMN16357341,GCA_016889385.1
SAMN16357428,GCA_016903375.1
SAMN10163251,GCA_003812505.1
SAMN04875538,GCA_002073455.2
SAMN03996305,GCA_001558915.2
SAMN03255432,GCA_001188135.2
SAMN11056398,GCA_009730535.1
SAMN11056423,GCA_009729915.1
SAMN22091670,GCA_020735445.1
SAMN05004754,GCA_002891075.1
SAMN16357277,GCA_016728725.1
SAMN07312484,GCA_002635725.1
SAMN11078004,
SAMN07312477,GCA_002589795.1
SAMN16357467,GCA_016903735.1
SAMN13450397,GCA_020221755.1
SAMN03255465,GCA_001018905.2
SAMN06173304,GCA_002983665.1
SAMN16357382,GCA_017081185.1
SAMN10163190,GCA_003812085.1
SAMN13450399,GCA_016028775.1
SAMN16357435,GCA_016904055.1
SAMN16357563,GCA_019048805.1
SAMN16357448,GCA_016904295.1
SAMN16357163,GCA_016127975.1
SAMN04875536,GCA_002073475.2
SAMN16357470,GCA_016904275.1
SAMN05004750,GCA_003614815.1
SAMN13450459,GCA_016026695.1
SAMN16357358,GCA_016890065.1
SAMN10163211,GCA_003956005.1
SAMN04327390,GCA_002891025.1
SAMN03255452,GCA_001019335.2
SAMN07312468,GCA_002588215.1
SAMN16357227,GCA_016126995.1
SAMN07312457,GCA_002735265.1
SAMN13450479,GCA_016026055.1
SAMN16357425,GCA_016904615.1
SAMN10346772,GCA_006370475.1
SAMN03996303,GCA_001559255.2
SAMN16357222,GCA_016127395.1
SAMN21460642,GCA_020215685.1
SAMN22091682,GCA_020735665.1
SAMN04875577,GCA_002073515.2
SAMN06173320,GCA_002208745.2
SAMN07312474,GCA_003699975.1
SAMN20888901,GCA_019930745.1
SAMN06173346,GCA_002206575.2
SAMN07796334,
SAMN06173355,GCA_003546905.1
SAMN11077965,
SAMN06173341,GCA_002209185.2
SAMN16357387,GCA_016889945.1
SAMN03255450,GCA_001018715.2
SAMN16357258,GCA_016728045.1
SAMN13450427,GCA_016027575.1
SAMN13450481,GCA_016026015.1
SAMN13450475,GCA_016026215.1
SAMN11056338,GCA_008693485.1
SAMN07312406,GCA_002754815.1
SAMN07312453,GCA_002554535.1
SAMN16357612,
SAMN11056513,GCA_013267275.1
SAMN06173361,GCA_002209105.2
SAMN16357170,GCA_016128175.1
SAMN16357410,GCA_016889605.1
SAMN13450413,GCA_016028275.1
SAMN11056363,GCA_012273135.1
SAMN03996290,GCA_001558755.2
SAMN16357440,GCA_016904455.1
SAMN22091683,GCA_020735605.1
SAMN16357343,GCA_016939455.1
SAMN07796344,
SAMN10228570,GCA_003933045.1
SAMN11056376,GCA_013343025.1
SAMN22091641,GCA_020736245.1
SAMN11056353,GCA_013267145.1
SAMN11056482,GCA_006364735.1
SAMN10163189,GCA_003812825.1
SAMN03996320,GCA_001471585.2
SAMN11078002,
SAMN22091643,GCA_020736145.1
SAMN22091658,GCA_020736025.1
SAMN22365125,GCA_020731305.1
SAMN03996289,GCA_001471285.2
SAMN10163179,GCA_003812785.1
SAMN16357411,GCA_017081135.1
SAMN11056511,GCA_013267295.1
SAMN16357489,GCA_017081275.1
SAMN11077994,
SAMN21218851,GCA_020097495.1
SAMN13450428,GCA_016103145.1
SAMN11056509,GCA_013267795.1
SAMN07312408,GCA_002386385.1
SAMN07796335,
SAMN16357223,GCA_016403285.1
SAMN13450480,GCA_016103045.1
SAMN16357455,GCA_016903395.1
SAMN05004755,GCA_003019965.1
SAMN22091669,GCA_020735465.1
SAMN16357359,GCA_016889305.1
SAMN04875578,GCA_002073635.2
SAMN04875535,GCA_002277995.2
SAMN16357542,GCA_019048405.1
SAMN11056478,GCA_013267555.1
SAMN22365130,GCA_020735525.1
SAMN03255461,GCA_001018875.2
SAMN13450476,GCA_016026195.1
SAMN16357294,GCA_016727265.1
SAMN10163218,GCA_003855115.1
SAMN04875542,GCA_002073615.2
SAMN16357475,GCA_016903975.1
SAMN03255456,GCA_001019375.2
SAMN13450423,GCA_016027715.1
SAMN11077955,
SAMN11078006,
SAMN11077995,
SAMN16357250,GCA_016728005.1
SAMN16357473,GCA_016904515.1
SAMN13450415,GCA_016028255.1
SAMN16357333,GCA_016889785.1
SAMN13450483,GCA_016103035.1
SAMN16357254,GCA_016727445.1
SAMN04875541,GCA_002073535.2
SAMN16357588,GCA_019048185.1
SAMN06173297,GCA_002206145.2
SAMN16357322,GCA_016725245.1
SAMN03996332,GCA_001471415.2
SAMN11056412,GCA_012273355.1
SAMN04875561,GCA_002083295.2
SAMN03996310,GCA_001471655.2
SAMN20888879,GCA_019930925.1
SAMN16357221,GCA_016128075.1
SAMN07312442,GCA_002554475.1
SAMN03611816,
SAMN07796350,
SAMN16357340,GCA_016894265.1
SAMN07796356,
SAMN16357462,GCA_016904635.1
SAMN16357286,GCA_016728365.1
SAMN06173306,GCA_002208865.2
SAMN03996262,GCA_001471835.2
SAMN14214630,
SAMN11077975,
SAMN03255448,GCA_001019305.2
SAMN04875551,GCA_002073235.2
SAMN06173343,GCA_002984195.1
SAMN03255444,GCA_001018685.2
SAMN16357593,GCA_019048545.1
SAMN21218850,GCA_020099275.1
SAMN16357564,GCA_019048045.1
SAMN13450445,GCA_016027035.1
SAMN10163233,GCA_003812065.1
SAMN10163236,GCA_003938745.1
SAMN13450448,GCA_016027015.1
SAMN16357260,GCA_016728825.1
SAMN13450455,GCA_016026755.1
SAMN22091667,GCA_020735745.1
SAMN07312455,GCA_002588845.1
SAMN16357293,GCA_016727125.1
SAMN06173368,GCA_002209265.2
SAMN16357495,GCA_017081315.1
SAMN16357204,GCA_016623625.1
SAMN20888888,GCA_019933195.1
SAMN16357177,GCA_016128055.1
SAMN22091651,GCA_020736085.1
SAMN11056335,GCA_012393445.1
SAMN16357624,
SAMN10163183,GCA_003940475.1
SAMN11056393,GCA_012273395.1
SAMN06173366,GCA_002206385.2
SAMN03996288,GCA_002944935.1
SAMN16357303,GCA_016726885.1
SAMN20888882,GCA_019930985.1
SAMN03996291,GCA_001471735.2
SAMN22091685,GCA_020735565.1
SAMN11056366,GCA_014049455.1
SAMN13450434,GCA_016027155.1
SAMN10228563,GCA_003798285.1
SAMN05004742,GCA_002891255.1
SAMN10228568,GCA_003933025.1
SAMN07312412,GCA_002386165.1
SAMN16357430,GCA_016903935.1
SAMN06173351,GCA_002208945.2
SAMN10228558,GCA_003797385.1
SAMN11056342,GCA_008693465.1
SAMN11056340,GCA_012393465.1
SAMN10228569,GCA_003933035.1
SAMN13450435,GCA_016026995.1
SAMN16357409,GCA_016889685.1
SAMN10163173,GCA_003812945.1
SAMN22091650,GCA_020736105.1
SAMN22091652,GCA_020736445.1
SAMN16357217,GCA_016403145.1
SAMN16357389,GCA_016889805.1
SAMN16357590,GCA_019344855.1
SAMN11056516,GCA_013346845.1
SAMN14214631,
SAMN03996264,GCA_001534855.2
SAMN20888892,GCA_019930965.1
SAMN04875549,GCA_002073675.2
SAMN07796357,
SAMN07312441,GCA_002554355.1
SAMN20888894,GCA_019931005.1
SAMN03996309,GCA_001558935.2
SAMN10163234,GCA_003937665.1
SAMN13450478,GCA_016026035.1
SAMN13450444,GCA_016026895.1
SAMN10346771,GCA_006364035.1
SAMN10163247,GCA_003812565.1
SAMN16357581,GCA_019344895.1
SAMN03996273,GCA_001471515.2
SAMN11078007,
SAMN03255457,GCA_001018795.2
SAMN11056406,GCA_013364115.1
SAMN13450396,GCA_016028815.1
SAMN11056402,GCA_009729975.1
SAMN16357436,GCA_016985455.1
SAMN11077957,
SAMN16357295,GCA_016724785.1
SAMN11078001,
SAMN13450424,GCA_016027615.1
SAMN16357456,GCA_016904415.1
SAMN16357469,GCA_016903115.1
SAMN10163194,GCA_003813025.1
SAMN04875537,GCA_002082905.2
SAMN16357583,GCA_019047925.1
SAMN03996308,GCA_001558875.2
SAMN10163246,GCA_003812305.1
SAMN21218872,GCA_020149745.1
SAMN07312456,GCA_002386245.1
SAMN20888877,GCA_019957155.1
SAMN03996315,GCA_001471755.2
SAMN10163252,GCA_003938635.1
SAMN21218869,GCA_020297545.1
SAMN06173321,GCA_002208765.2
SAMN16357224,GCA_016599755.1
SAMN06173358,GCA_002209085.2
SAMN23242878,
SAMN07796355,
SAMN16357463,GCA_016903895.1
SAMN21218876,GCA_020097235.1
SAMN11056495,GCA_013267475.1
SAMN07796348,
SAMN14214629,
SAMN07796337,
SAMN20888902,GCA_019930625.1
SAMN06173331,GCA_002206495.2
SAMN11077961,
SAMN04875548,GCA_002073555.2
SAMN04875584,GCA_002083175.2
SAMN03255449,GCA_001018725.2
SAMN11056389,GCA_009730475.1
SAMN10163232,GCA_003812605.1
SAMN22091649,GCA_020736125.1
SAMN16357319,GCA_016725265.1
SAMN16357492,GCA_017081385.1
SAMN06173367,GCA_002209245.2
SAMN16357622,
SAMN20888890,GCA_019933175.1
SAMN16357421,GCA_016903595.1
SAMN22365121,GCA_020736385.1
SAMN11078000,
SAMN16357490,GCA_017081215.1
SAMN16357408,GCA_016890105.1
SAMN10163185,GCA_003813065.1
SAMN13450458,GCA_016026715.1
SAMN13450461,GCA_016026675.1
SAMN13450414,GCA_016028235.1
SAMN02934511,GCA_000783975.2
SAMN13450460,GCA_016026635.1
SAMN07796345,
SAMN03996295,GCA_001559175.2
SAMN16357304,GCA_016791605.1
SAMN13450433,GCA_016027375.1
SAMN11056368,GCA_014049495.1
SAMN10228564,GCA_003798385.1
SAMN05004741,GCA_003019925.1
SAMN11077958,
SAMN22091642,GCA_020736645.1
SAMN07312413,GCA_002386365.1
SAMN11077997,
SAMN16357598,GCA_019047825.1
SAMN14214642,
SAMN14214628,
SAMN07796336,
SAMN10163199,GCA_003813005.1
SAMN07796363,
SAMN07796364,
SAMN04875583,GCA_002073435.2
SAMN03996270,GCA_001471855.2
SAMN02700076,GCA_000783555.2
SAMN11077954,
SAMN10163209,GCA_003938865.1
SAMN11077999,
SAMN11077948,
SAMN10163220,GCA_003938785.1
SAMN16357451,GCA_016903955.1
SAMN03255463,GCA_001019415.2
SAMN03996327,GCA_001558255.2
SAMN13450394,GCA_016028855.1
SAMN20888880,GCA_019930785.1
SAMN10163222,GCA_003812665.1
SAMN11056479,GCA_013267535.1
SAMN16357476,GCA_016903415.1
SAMN03255459,GCA_001019395.2
SAMN11056414,GCA_012273375.1
SAMN16357220,GCA_016127955.1
SAMN21218871,GCA_020297585.1
SAMN16357321,GCA_016725205.1
SAMN16357225,GCA_016403185.1
SAMN11056416,GCA_009806615.1
SAMN03996293,GCA_001471675.2
SAMN16357589,GCA_019048385.1
SAMN10163240,GCA_003812365.1
SAMN16357427,GCA_016904555.1
SAMN07312460,GCA_002554645.1
SAMN10163243,GCA_003812325.1
SAMN04875539,GCA_002082955.2
SAMN11056468,GCA_013267675.1
SAMN06173371,GCA_002983625.1
SAMN14214633,
SAMN14214638,
SAMN07796368,
SAMN06173307,GCA_002206175.2
SAMN20888891,GCA_019930845.1
SAMN16357461,GCA_016904095.1
SAMN07796342,
SAMN14214626,
SAMN06173317,GCA_002984125.1
SAMN20888896,GCA_019930705.1
SAMN10163237,GCA_003938685.1
SAMN13450449,GCA_016117775.1
SAMN13450454,GCA_016117755.1
SAMN13450451,GCA_016598875.1
SAMN11056508,GCA_013267335.1
SAMN03255445,GCA_001018655.2
SAMN04875585,GCA_002073835.2
SAMN03255447,GCA_001019295.2
SAMN16357625,
SAMN11056469,GCA_013267715.1
SAMN16357173,GCA_016127035.1
SAMN11056330,GCA_012273055.1
SAMN04875589,GCA_002209025.1
SAMN16357422,GCA_016903815.1
SAMN16357496,GCA_017081345.1
SAMN02934510,GCA_000783995.2
SAMN03996292,GCA_001558855.2
SAMN10228556,GCA_003798325.1
SAMN02934513,GCA_000783935.2
SAMN16357306,GCA_016726365.1
SAMN10163186,GCA_003813045.1
SAMN06173356,GCA_007273535.1
SAMN03996259,GCA_002953295.1
SAMN07312414,GCA_002554415.1
SAMN22091644,GCA_020736225.1
SAMN04875527,GCA_002083085.2
SAMN22091657,GCA_020736045.1
SAMN22365123,GCA_020731255.1
SAMN11056347,GCA_008693705.1
SAMN13450457,GCA_016103025.1
SAMN11056392,GCA_009730415.1
SAMN16357292,GCA_016766815.1
SAMN16357491,GCA_017081235.1
SAMN16357616,
SAMN16357596,GCA_019046945.1
SAMN13450477,GCA_016026175.1
SAMN16357390,GCA_016889845.1
SAMN16357630,
SAMN07796351,
SAMN04875546,GCA_002073575.2
SAMN14214627,
SAMN14214639,
SAMN07312407,GCA_002591115.1
SAMN14214634,
SAMN10163198,GCA_003938795.1
SAMN11077953,
SAMN11077956,
SAMN11078008,
SAMN13450419,GCA_016027835.1
SAMN03996298,GCA_001471795.2
SAMN16357471,GCA_016903875.1
SAMN16357477,
SAMN03255458,GCA_001018835.2
SAMN11077998,
SAMN06173323,GCA_002983685.1
SAMN11056415,GCA_009806635.1
SAMN20888878,GCA_019930665.1
SAMN16357231,GCA_016128155.1
SAMN06173348,GCA_002984395.1
SAMN16357579,GCA_019048325.1
SAMN10163241,GCA_003812585.1
SAMN14214641,
SAMN06173313,GCA_002983705.1
SAMN14214636,
SAMN20888897,GCA_019930885.1
SAMN16357460,GCA_016903455.1
SAMN07796343,
SAMN13450453,GCA_016026835.1
SAMN13450482,GCA_016025875.1
SAMN10163238,GCA_003938695.1
SAMN06173338,GCA_002208885.2
SAMN16357497,GCA_017081335.1
SAMN16357513,GCA_016904255.1
SAMN20888889,GCA_019931045.1
SAMN04875588,GCA_002209005.1
SAMN07312451,GCA_002554555.1
SAMN16357305,GCA_016726485.1
SAMN16357568,GCA_019047805.1
SAMN16357569,GCA_019046905.1
SAMN16357567,GCA_019048165.1
SAMN07796331,
SAMN04875566,GCA_002073795.2
SAMN14214635,
SAMN14214640,
SAMN10163206,GCA_003812805.1
SAMN11056471,GCA_013267655.1
SAMN16357296,GCA_016725225.1
SAMN11056418,GCA_013349165.1
SAMN03996277,GCA_002951395.1
SAMN03255477,GCA_001019055.2
SAMN11056405,GCA_013367795.1
SAMN10163231,GCA_003812625.1
SAMN11056403,GCA_009729955.1
SAMN03255480,GCA_001019135.2
SAMN16357386,GCA_016888585.1
SAMN10163229,GCA_003812645.1
SAMN22091666,GCA_020735765.1
SAMN16357278,GCA_016728705.1
SAMN11056450,GCA_009730395.1
SAMN16357540,GCA_019046965.1
SAMN03996257,GCA_001525595.2
SAMN21402700,GCA_020097195.1
SAMN10163180,GCA_003827915.1
SAMN16357531,GCA_019048285.1
SAMN03996248,GCA_001525545.2
SAMN03255442,GCA_001018645.2
SAMN16357188,GCA_016127275.1
SAMN16357328,GCA_016724805.1
SAMN21218862,GCA_020097375.1
SAMN02934530,GCA_000783675.2
SAMN22091678,GCA_020735705.1
SAMN16357544,GCA_019046925.1
SAMN16357556,GCA_019047065.1
SAMN21402694,GCA_020297505.1
SAMN03996255,GCA_001525585.2
SAMN21218853,GCA_020099235.1
SAMN07312469,GCA_002588555.1
SAMN16357155,GCA_016127195.1
SAMN16357263,GCA_016726625.1
SAMN21402698,GCA_020341555.1
SAMN16357205,GCA_016127515.1
SAMN21402699,GCA_020450145.1
SAMN10346776,GCA_006370485.1
SAMN06173314,GCA_002209145.2
SAMN16357494,GCA_017081175.1
SAMN16357338,GCA_016889765.1
SAMN04875592,GCA_002209065.1
SAMN16357617,
SAMN24061103,
SAMN06173369,GCA_002206395.2
SAMN06173315,GCA_002208685.2
SAMN16357501,GCA_016903215.1
SAMN16357600,GCA_019048645.1
SAMN02934544,GCA_000783435.2
SAMN10228578,GCA_003955795.1
SAMN16357203,GCA_016403245.1
SAMN16357317,GCA_016724565.1
SAMN11077977,
SAMN11056437,GCA_009730195.1
SAMN11056410,GCA_013349245.1
SAMN11056460,GCA_012273435.1
SAMN16357354,GCA_016906205.1
SAMN16357412,GCA_016888625.1
SAMN02934509,GCA_000784015.2
SAMN16357607,
SAMN11056439,GCA_013364475.1
SAMN16357235,GCA_016127835.1
SAMN11056355,GCA_008693925.1
SAMN16357373,GCA_016889665.1
SAMN13450405,GCA_016028655.1
SAMN07312438,GCA_002554425.1
SAMN11056444,GCA_009730075.1
SAMN10228571,GCA_003852635.1
SAMN03996267,GCA_001471435.2
SAMN16357444,GCA_016903435.1
SAMN11056356,GCA_008693885.1
SAMN10228565,GCA_003933015.1
SAMN11056332,GCA_008693605.1
SAMN07312409,GCA_002386305.1
SAMN11056377,GCA_008693745.1
SAMN11056419,GCA_009806695.1
SAMN11056358,GCA_008693865.1
SAMN16357478,GCA_016918825.1
SAMN07312487,GCA_002636515.1
SAMN10228576,GCA_003798065.1
SAMN11056350,GCA_012273555.1
SAMN16357236,GCA_016127435.1
SAMN04875567,GCA_002313145.2
SAMN16357355,GCA_016906245.1
SAMN11056465,GCA_009730235.1
SAMN16357348,GCA_016888605.1
SAMN11056459,GCA_013349225.1
SAMN16357181,GCA_016403225.1
SAMN16357620,
SAMN16357337,GCA_016889465.1
SAMN21218848,GCA_020097655.1
SAMN10163215,GCA_003812465.1
SAMN16357214,GCA_016127535.1
SAMN04875560,GCA_002073335.2
SAMN11056426,GCA_013367835.1
SAMN16357161,GCA_016126915.1
SAMN16357267,GCA_016766915.1
SAMN03996323,GCA_001558435.2
SAMN16357524,GCA_019048445.1
SAMN16357270,GCA_016726265.1
SAMN16357329,GCA_016724825.1
SAMN13450463,GCA_016026615.1
SAMN06173330,GCA_002984285.1
SAMN16357407,GCA_016890045.1
SAMN03996261,GCA_002953375.1
SAMN16357357,GCA_016889345.1
SAMN16357279,GCA_016728685.1
SAMN22091665,GCA_020731205.1
SAMN14214649,
SAMN03255478,GCA_001019115.2
SAMN03255431,GCA_001188185.2
SAMN03255475,GCA_001019045.2
SAMN03996276,GCA_001471535.2
SAMN03996252,GCA_001525525.2
SAMN11056431,GCA_012273455.1
SAMN03255481,GCA_001019535.2
SAMN13450400,GCA_016028755.1
SAMN16357432,GCA_016904115.1
SAMN14214650,
SAMN22365126,GCA_020731565.1
SAMN10163207,GCA_003812185.1
SAMN23242880,
SAMN10163174,GCA_003938885.1
SAMN10346774,GCA_006364795.1
SAMN16357530,GCA_019047905.1
SAMN21218852,GCA_020099255.1
SAMN21218854,GCA_020099215.1
SAMN06173347,GCA_002984565.1
SAMN16357541,GCA_019047205.1
SAMN04875533,GCA_002083055.2
SAMN06173334,GCA_002209225.2
SAMN10346770,GCA_006364495.1
SAMN23242889,
SAMN16357187,GCA_016403165.1
SAMN14214651,
SAMN02934533,GCA_000783615.2
SAMN16357274,GCA_016728785.1
SAMN16357552,GCA_019048745.1
SAMN16357156,GCA_016127115.1
SAMN22365127,GCA_020736705.1
SAMN16357201,GCA_016128235.1
SAMN04875558,GCA_002313155.2
SAMN16357216,GCA_016535475.1
SAMN11056411,GCA_012273335.1
SAMN16357213,GCA_016126935.1
SAMN16357515,GCA_016903535.1
SAMN06173359,GCA_002206305.2
SAMN16357502,GCA_016903135.1
SAMN11056472,GCA_013267635.1
SAMN24061074,
SAMN24061102,
SAMN16357505,GCA_016903555.1
SAMN06173365,GCA_002209125.2
SAMN16357560,GCA_019048585.1
SAMN13450462,GCA_016117735.1
SAMN16357349,GCA_016889245.1
SAMN11056436,
SAMN11056443,GCA_009730155.1
SAMN11056351,GCA_012273615.1
SAMN16357577,GCA_019048625.1
SAMN07312426,
SAMN10228575,GCA_003955815.1
SAMN07312410,GCA_002591155.1
SAMN16357534,GCA_019355995.1
SAMN11056331,GCA_008693645.1
SAMN11056336,GCA_008693545.1
SAMN24061089,
SAMN02934522,GCA_000783795.2
SAMN24061090,
SAMN11056374,GCA_012273115.1
SAMN16357443,GCA_016904435.1
SAMN11056448,GCA_009734165.1
SAMN11077978,
SAMN10228577,GCA_003798025.1
SAMN16357619,
SAMN24061101,
SAMN21402696,GCA_020297485.1
SAMN11056500,GCA_013267415.1
SAMN16357553,GCA_019047125.1
SAMN13450450,GCA_016026855.1
SAMN06173326,GCA_002209205.2
SAMN16357327,GCA_016725165.1
SAMN16357402,GCA_016888925.1
SAMN03255441,GCA_001019255.2
SAMN16357311,GCA_016725465.1
SAMN16357282,GCA_016728625.1
SAMN10163230,GCA_003855135.1
SAMN16357383,GCA_016889705.1
SAMN03255483,GCA_001019555.2
SAMN03996275,GCA_001471615.2
SAMN03255476,GCA_001019065.2
SAMN10163201,GCA_003812985.1
SAMN16357537,GCA_019048685.1
SAMN11056434,GCA_009730035.1
SAMN07312430,GCA_002588535.1
SAMN07312427,GCA_002386185.1
SAMN14214652,
SAMN13450404,GCA_016028675.1
SAMN13450439,GCA_016027075.1
SAMN16357189,GCA_016127555.1
SAMN03996319,GCA_001471455.2
SAMN16357528,GCA_019048145.1
SAMN21218856,GCA_020097455.1
SAMN16357334,GCA_016889365.1
SAMN11056458,GCA_009730275.1
SAMN11056400,GCA_012273155.1
SAMN16357545,GCA_019047325.1
SAMN10346775,GCA_006364815.1
SAMN16357206,GCA_016127855.1
SAMN13450429,GCA_016027455.1
SAMN16357212,GCA_016623665.1
SAMN11056370,GCA_014636115.1
SAMN11077964,
SAMN10228574,GCA_003798365.1
SAMN03996337,GCA_002953335.1
SAMN16357202,GCA_016127295.1
SAMN16357399,GCA_016889185.1
SAMN24061077,
SAMN06173362,GCA_002983645.1
SAMN16357500,GCA_016985495.1
SAMN16357525,GCA_019056115.1
SAMN16357507,GCA_016904355.1
SAMN11056447,GCA_009730335.1
SAMN03996269,GCA_001559115.2
SAMN16357234,GCA_016127795.1
SAMN11056354,GCA_013347325.1
SAMN16357576,GCA_019047945.1
SAMN11056463,GCA_013364435.1
SAMN16357353,GCA_016906225.1
SAMN21218868,GCA_020097275.1
SAMN16357413,GCA_016889645.1
SAMN16357547,GCA_019048265.1
SAMN16357628,
SAMN07312440,GCA_002554315.1
SAMN16357549,GCA_019048725.1
SAMN16357350,GCA_016889885.1
SAMN24061100,
SAMN03611815,
SAMN22091636,GCA_020735985.1
SAMN05004747,GCA_003020185.1
SAMN16357442,GCA_016903915.1
SAMN24061099,
SAMN16357441,GCA_016903835.1
SAMN16357609,
SAMN10163169,GCA_003812245.1
SAMN04875565,GCA_002073315.2
SAMN11056445,GCA_009730055.1
SAMN16357247,GCA_016725825.1
SAMN16357290,GCA_016727325.1
SAMN24061078,
SAMN11077963,
SAMN16357561,GCA_019047045.1
SAMN22091664,GCA_020735905.1
SAMN21402695,GCA_020097215.1
SAMN21218849,GCA_020097615.1
SAMN13450468,GCA_016026415.1
SAMN16357157,GCA_016127475.1
SAMN04875529,GCA_002073815.2
SAMN16357160,GCA_016127615.1
SAMN16357403,GCA_016888965.1
SAMN11056424,GCA_012273475.1
SAMN16357406,GCA_016889265.1
SAMN06173329,GCA_002206525.2
SAMN10163197,GCA_003937725.1
SAMN06173325,GCA_002208965.2
SAMN13450464,GCA_016026575.1
SAMN11056473,GCA_013267835.1
SAMN11077950,
SAMN10163204,GCA_003812865.1
SAMN10163225,GCA_003812405.1
SAMN03255482,GCA_001019125.2
SAMN11056432,GCA_013364495.1
SAMN03255471,GCA_001019455.2
SAMN04875581,GCA_002083165.2
SAMN10163226,GCA_003812105.1
SAMN16357384,GCA_016889985.1
SAMN22365129,GCA_020735545.1
SAMN16357190,GCA_016127915.1
SAMN21218866,GCA_020097295.1
SAMN13450438,GCA_016027095.1
SAMN04327392,GCA_003711125.1
SAMN03996304,GCA_001558795.2
SAMN04875534,GCA_002073375.2
SAMN21218855,GCA_020097475.1
SAMN16357529,GCA_019048505.1
SAMN21218878,GCA_020297465.1
SAMN07312463,GCA_002554435.1
SAMN16357154,GCA_016127995.1
SAMN16357269,GCA_016726245.1
SAMN07312422,GCA_002591175.1
SAMN21218867,GCA_020297425.1
SAMN16357193,GCA_016128035.1
SAMN16357262,GCA_016725945.1
SAMN22091662,GCA_020735945.1
SAMN16357207,GCA_016403205.1
SAMN16357182,GCA_016599775.1
SAMN16357318,GCA_016725305.1
SAMN16357506,GCA_016903575.1
SAMN16357499,GCA_016903355.1
SAMN16357400,GCA_016889325.1
SAMN24061076,
SAMN16357301,GCA_016727005.1
SAMN11056461,GCA_009730135.1
SAMN03255489,GCA_001019215.2
SAMN16357614,
SAMN11056438,GCA_009730495.1
SAMN16357608,
SAMN07312439,GCA_002393405.1
SAMN11056380,GCA_008693365.1
SAMN11056464,GCA_009730255.1
SAMN22091638,GCA_020735925.1
SAMN11077972,
SAMN16357613,
SAMN24061075,
SAMN10163181,GCA_013349205.1
SAMN10163244,GCA_013349125.1
SAMN10163245,GCA_009730095.1
SAMN11056369,GCA_008693725.1
